Date,Weekday,"Trade
117",Direction,30M,SL,Pullback,TP,"Signal 
48.7%","WR 
33.3%
169R","+1pip WR 
41%
169R","Half SL LO
17.1%
140R","Half SL LO
14.5%
131R","4 pips SL 
36.8%
183R","5 pips SL 
41.9%
180R","-1 pip SL 
27.4%
180R",Attributes
2026-08-24,Monday,#1,Buy,30M Low Reversal,1.9,0.5,12,6R,6R,4R,,,3R,2R,10R,
2026-08-25,Tuesday,#1,Buy,30M High Continuation,5.8,5.4,15,2R,2R,2R,5R,6R,,,,
2026-08-25,Tuesday,#2,Sell,30M High Reversal,4.6,4.6,,,,,,,,,,
2026-08-26,Wednesday,#1,Sell,30M Low Continuation,2.8,2.8,,,,,,,,,,
2026-08-26,Wednesday,#2,Sell,30M Low Continuation,5.6,2.7,13,2R,2R,1R,,,3R,2R,2R,
2026-08-26,Wednesday,#3,Sell,30M Low Continuation,2.7,1.3,8,2R,2R,2R,,,2R,1R,4R,
2026-08-27,Thursday,#1,Sell,30M High Reversal,3.1,1.3,17,5R,5R,4R,,,4R,3R,8R,
2026-08-27,Thursday,#2,Buy,30M High Continuation,2.5,0.3,13,5R,5R,3R,,,3R,2R,8R,
2026-08-28,Friday,#1,Sell,30M Low Continuation,3.1,3.1,,,,,,,,,,
2026-08-28,Friday,#2,Buy,30M Low Reversal,2.3,2.3,,,,,,,,,,
2026-08-28,Friday,#3,Sell,30M Low Continuation,2.3,2.3,,,,,,,,,,
2026-08-28,Friday,#4,Buy,30M Low Reversal,1.8,2.9,8,-2R,,,,,2R,1R,,
2026-08-28,Friday,#5,Sell,30M High Reversal,2.2,1.1,8,3R,3R,2R,,8R,2R,1R,6R,
2026-08-28,Friday,#6,Buy,30M Low Reversal,2.1,0.1,9,4R,4R,2R,,,2R,1R,8R,
2026-08-28,Friday,#7,Sell,30M High Reversal,2.0,0.1,10,5R,5R,3R,,,2R,2R,10R,
2026-08-31,Monday,#1,Sell,30M High Reversal,2.2,2.2,,,,,,,,,,
2026-08-31,Monday,#2,Buy,30M High Continuation,3.8,1.4,9,2R,2R,1R,,,2R,1R,3R,
2026-08-31,Monday,#3,Buy,30M Low Reversal,2.1,1.2,27,10R,10R,8R,,10R,6R,5R,,
2026-08-31,Monday,#4,Sell,30M High Reversal,1.1,1.1,,,,,,,,,,
2026-08-31,Monday,#5,Buy,30M High Continuation,2.5,0.3,14,5R,5R,4R,,,3R,2R,9R,
2026-09-01,Tuesday,#1,Sell,30M High Reversal,2.8,2.8,,,,,,,,,,
2026-09-01,Tuesday,#2,Buy,30M High Continuation,4.0,4.0,,,,,,,,,,
2026-09-02,Wednesday,#1,Sell,30M High Reversal,3.4,3.4,,,,,,,,,,
2026-09-02,Wednesday,#2,Buy,30M High Continuation,8.4,0.3,18,2R,2R,1R,,,4R,3R,2R,
2026-09-03,Thursday,#1,Sell,30M High Reversal,7.0,5.4,9,1R,1R,1R,3R,3R,,,1R,
2026-09-03,Thursday,#2,Sell,30M Low Continuation,2.6,2.6,,,,,,,,,,
2026-09-03,Thursday,#3,Buy,30M Low Reversal,2.1,0.4,41,10R,10R,10R,,,10R,8R,10R,
2026-09-03,Thursday,#4,Buy,30M High Continuation,3.9,3.9,,,,,,,,,,
2026-09-03,Thursday,#5,Sell,30M High Reversal,2.0,2.0,,,,,,,,,,
2026-09-03,Thursday,#6,Sell,30M Low Continuation,3.5,3.5,,,,,,,,,,
2026-09-03,Thursday,#7,Buy,30M Low Reversal,3.8,4.0,22,-5R,,4R,10R,,5R,4R,,
2026-09-04,Friday,#1,Buy,30M Low Reversal,1.3,1.3,,,,,,,,,,
2026-09-04,Friday,#2,Sell,30M Low Continuation,2.1,2.1,,,,,,,,,,
2026-09-07,Monday,#1,Buy,30M High Continuation,4.1,0.3,15,3R,3R,2R,,,3R,3R,4R,
2026-09-08,Tuesday,#1,Buy,30M High Continuation,2.7,2.7,,,,,,,,,,
2026-09-08,Tuesday,#2,Sell,30M High Reversal,4.5,4.5,,,,,,,,,,
2026-09-08,Tuesday,#3,Buy,30M Low Reversal,3.7,2.7,20,5R,5R,4R,9R,10R,5R,4R,7R,
2026-09-09,Wednesday,#1,Buy,30M High Continuation,3.9,3.9,,,,,,,,,,
2026-09-09,Wednesday,#2,Sell,30M High Reversal,3.8,4.3,28,-6R,,5R,10R,,,5R,,
2026-09-09,Wednesday,#3,Sell,30M Low Continuation,3.7,3.7,,,,,,,,,,
2026-09-09,Wednesday,#4,Buy,30M Low Reversal,4.1,1.7,16,3R,3R,3R,,,4R,3R,5R,
2026-09-10,Thursday,#1,Sell,30M High Reversal,2.7,2.8,47,-10R,,10R,10R,,10R,9R,,
2026-09-10,Thursday,#2,Sell,30M Low Continuation,6.5,10.2,25,-2R,,,,,,,,
2026-09-11,Friday,#1,Sell,30M Low Continuation,3.6,3.4,30,8R,8R,6R,10R,10R,7R,6R,,
2026-09-11,Friday,#2,Buy,30M Low Reversal,9.5,0.7,21,2R,2R,2R,,,5R,4R,2R,
2026-09-11,Friday,#3,Buy,30M High Continuation,2.2,2.2,,,,,,,,,,
2026-09-11,Friday,#4,Sell,30M High Reversal,4.3,4.6,19,-4R,,3R,8R,,,3R,,
2026-09-14,Monday,#1,Sell,30M Low Continuation,4.0,1.0,14,3R,3R,2R,,,3R,2R,4R,
2026-09-14,Monday,#2,Buy,30M High Continuation,2.5,2.5,,,,,,,,,,
2026-09-14,Monday,#3,Sell,30M High Reversal,4.9,0.1,19,3R,3R,3R,,,4R,3R,4R,
2026-09-14,Monday,#4,Sell,30M Low Continuation,8.0,8.0,,,,,,,,,,
2026-09-14,Monday,#5,Buy,30M Low Reversal,2.3,2.3,,,,,,,,,,
2026-09-15,Tuesday,#1,Buy,30M High Continuation,2.0,2.0,,,,,,,,,,
2026-09-15,Tuesday,#2,Sell,30M High Reversal,3.0,3.0,,,,,,,,,,
2026-09-15,Tuesday,#3,Buy,30M High Continuation,2.0,3.2,10,-3R,,,,,2R,2R,,
2026-09-15,Tuesday,#4,Sell,30M High Reversal,2.8,2.8,,,,,,,,,,
2026-09-15,Tuesday,#5,Buy,30M High Continuation,3.9,3.9,,,,,,,,,,
2026-09-15,Tuesday,#6,Sell,30M High Reversal,1.9,2.5,13,-5R,,4R,9R,,3R,2R,,
2026-09-16,Wednesday,#1,Buy,30M High Continuation,5.4,5.4,,,,,,,,,,
2026-09-16,Wednesday,#2,Sell,30M High Reversal,4.9,0.0,88,10R,10R,10R,,,10R,10R,10R,
2026-09-16,Wednesday,#3,Buy,30M Low Reversal,1.8,1.8,,,,,,,,,,
2026-09-16,Wednesday,#4,Sell,30M Low Continuation,3.5,3.3,80,10R,10R,10R,10R,10R,10R,10R,,
2026-09-16,Wednesday,#5,Sell,30M Low Continuation,3.1,9.3,74,-7R,,,,,,,,
2026-09-16,Wednesday,#6,Sell,30M Low Continuation,2.9,2.9,,,,,,,,,,
2026-09-16,Wednesday,#7,Buy,30M Low Reversal,6.0,6.0,,,,,,,,,,
2026-09-17,Thursday,#1,Buy,30M High Continuation,6.7,3.0,,,,,,,,,,
2026-09-17,Thursday,#2,Buy,30M High Continuation,3.7,3.7,,,,,,,,,,
2026-09-17,Thursday,#3,Sell,30M High Reversal,2.9,0.2,21,7R,7R,5R,,,5R,4R,10R,
2026-09-18,Friday,#1,Sell,30M Low Continuation,5.0,1.2,20,4R,4R,3R,,,5R,4R,5R,
2026-09-21,Monday,#1,Buy,30M Low Reversal,1.9,1.0,22,10R,10R,7R,,10R,5R,4R,,
2026-09-21,Monday,#2,Buy,30M High Continuation,1.8,3.0,16,-5R,,,,,4R,3R,,
2026-09-21,Monday,#3,Sell,30M High Reversal,1.9,1.9,,,,,,,,,,
2026-09-21,Monday,#4,Buy,30M High Continuation,5.9,5.9,,,,,,,,,,
2026-09-21,Monday,#5,Sell,30M Low Continuation,4.3,4.3,,,,,,,,,,
2026-09-21,Monday,#6,Buy,30M Low Reversal,6.1,6.1,,,,,,,,,,
2026-09-22,Tuesday,#1,Sell,30M Low Continuation,3.3,2.1,23,6R,6R,5R,,10R,5R,4R,10R,
2026-09-22,Tuesday,#2,Buy,30M High Continuation,6.0,6.0,,,,,,,,,,
2026-09-22,Tuesday,#3,Sell,30M High Reversal,5.6,3.9,35,6R,6R,5R,10R,10R,8R,7R,7R,
2026-09-22,Tuesday,#4,Sell,30M Low Continuation,3.8,3.8,,,,,,,,,,
2026-09-23,Wednesday,#1,Sell,30M Low Continuation,3.0,4.9,50,-10R,,,,,,10R,,
2026-09-23,Wednesday,#2,Buy,30M Low Reversal,2.0,2.0,,,,,,,,,,
2026-09-23,Wednesday,#3,Buy,30M Low Reversal,2.5,3.3,9,-2R,,2R,6R,,2R,1R,,
2026-09-23,Wednesday,#4,Sell,30M Low Continuation,2.1,2.1,,,,,,,,,,
2026-09-23,Wednesday,#5,Sell,30M Low Continuation,2.6,2.6,,,,,,,,,,
2026-09-23,Wednesday,#6,Buy,30M Low Reversal,5.1,5.1,,,,,,,,,,
2026-09-23,Wednesday,#7,Sell,30M Low Continuation,14.0,10.8,24,1R,1R,1R,4R,4R,,,1R,
2026-09-23,Wednesday,#8,Buy,30M Low Reversal,11.0,11.0,,,,,,,,,,
2026-09-24,Thursday,#1,Sell,30M Low Continuation,2.7,3.1,13,-4R,,3R,8R,,3R,2R,,
2026-09-24,Thursday,#2,Buy,30M Low Reversal,4.5,4.5,,,,,,,,,,
2026-09-24,Thursday,#3,Sell,30M Low Continuation,5.1,3.3,9,1R,1R,1R,3R,4R,2R,1R,2R,
2026-09-24,Thursday,#4,Sell,30M Low Continuation,7.8,7.8,,,,,,,,,,
2026-09-24,Thursday,#5,Buy,30M High Continuation,7.5,7.5,,,,,,,,,,
2026-09-24,Thursday,#6,Sell,30M High Reversal,2.8,1.5,11,3R,3R,2R,,8R,2R,2R,6R,
2026-09-25,Friday,#1,Sell,30M High Reversal,2.7,2.7,,,,,,,,,,
2026-09-25,Friday,#2,Buy,30M High Continuation,2.7,4.3,18,-4R,,,,,,3R,,
2026-09-25,Friday,#3,Buy,30M High Continuation,5.2,3.7,12,2R,2R,1R,4R,5R,3R,2R,2R,
2026-09-25,Friday,#4,Buy,30M High Continuation,5.4,5.4,,,,,,,,,,
2026-09-28,Monday,#1,Sell,30M High Reversal,8.8,5.0,28,3R,3R,2R,6R,7R,,5R,3R,
2026-09-28,Monday,#2,Sell,30M Low Continuation,4.2,4.2,,,,,,,,,,
2026-09-28,Monday,#3,Buy,30M Low Reversal,3.2,3.1,8,2R,2R,1R,4R,6R,2R,1R,,
2026-09-28,Monday,#4,Buy,30M Low Reversal,4.5,4.5,,,,,,,,,,
2026-09-28,Monday,#5,Sell,30M Low Continuation,5.3,5.6,12,-2R,,1R,4R,,,,,
2026-09-28,Monday,#6,Buy,30M Low Reversal,3.0,5.0,30,-6R,,,,,,6R,,
2026-09-28,Monday,#7,Sell,30M Low Continuation,4.3,4.3,,,,,,,,,,
2026-09-29,Tuesday,#1,Sell,30M Low Continuation,12.3,12.3,,,,,,,,,,
2026-09-29,Tuesday,#2,Sell,30M Low Continuation,6.7,6.7,,,,,,,,,,
2026-09-29,Tuesday,#3,Sell,30M Low Continuation,4.7,5.7,19,-3R,,3R,7R,,,,,
2026-09-29,Tuesday,#4,Buy,30M Low Reversal,7.2,7.2,,,,,,,,,,
2026-09-30,Wednesday,#1,Buy,30M High Continuation,5.7,10.0,21,-2R,,,,,,,,
2026-09-30,Wednesday,#2,Sell,30M High Reversal,8.3,8.3,,,,,,,,,,
2026-09-30,Wednesday,#3,Buy,30M High Continuation,5.2,5.2,,,,,,,,,,
2026-09-30,Wednesday,#4,Sell,30M High Reversal,2.2,1.4,11,5R,5R,3R,,10R,2R,2R,,
2026-09-30,Wednesday,#5,Buy,30M Low Reversal,9.1,9.1,,,,,,,,,,
2026-09-30,Wednesday,#6,Sell,30M Low Continuation,6.4,1.6,12,1R,1R,1R,,,3R,2R,2R,
2026-10-01,Thursday,#1,Sell,30M Low Continuation,6.5,0.1,15,2R,2R,2R,,,3R,3R,2R,
2026-10-01,Thursday,#2,Buy,30M Low Reversal,3.5,3.5,,,,,,,,,,
2026-10-01,Thursday,#3,Sell,30M Low Continuation,10.4,0.4,59,5R,5R,5R,,,10R,10R,6R,